triplet_id,course_name,topic,agent_id,profile_id,char_count,token_proxy_count,sentence_count,avg_chars_per_sentence,heading_count,list_item_count,formula_marker_count,code_block_count,code_line_count,node_count,edge_count,resource_item_count,jargon_marker_count,citation_count
E1-T-3fc789aa833a,机器学习,PCA 主成分分析,quiz,P2,1058.0,568.0,28.0,37.785714285714285,0.0,0.0,11.0,0.0,0.0,0.0,0.0,3.0,0.0,0.0
E1-T-3fc789aa833a,机器学习,PCA 主成分分析,quiz,P3,1567.0,819.0,38.0,41.23684210526316,2.0,0.0,20.0,0.0,0.0,0.0,0.0,3.0,0.0,0.0
E1-T-3fc789aa833a,机器学习,PCA 主成分分析,quiz,P1,1679.0,707.0,38.0,44.18421052631579,0.0,0.0,19.0,0.0,0.0,0.0,0.0,3.0,0.0,0.0
E1-T-71547505f5da,机器学习,决策树剪枝,quiz,P3,2033.0,966.0,24.0,84.70833333333333,0.0,0.0,25.0,0.0,0.0,0.0,0.0,3.0,7.0,0.0
E1-T-71547505f5da,机器学习,决策树剪枝,quiz,P1,1064.0,420.0,21.0,50.666666666666664,5.0,0.0,12.0,0.0,0.0,0.0,0.0,3.0,2.0,0.0
E1-T-71547505f5da,机器学习,决策树剪枝,quiz,P2,2615.0,1087.0,39.0,67.05128205128206,0.0,7.0,29.0,0.0,0.0,0.0,0.0,3.0,5.0,0.0
E1-T-53cab9e99cd0,数据结构与算法,Dijkstra 最短路径,path,P2,784.0,516.0,1.0,784.0,0.0,0.0,1.0,0.0,0.0,6.0,5.0,0.0,7.0,0.0
E1-T-53cab9e99cd0,数据结构与算法,Dijkstra 最短路径,path,P3,660.0,443.0,1.0,660.0,0.0,0.0,0.0,0.0,0.0,5.0,4.0,0.0,15.0,0.0
E1-T-53cab9e99cd0,数据结构与算法,Dijkstra 最短路径,path,P1,866.0,580.0,1.0,866.0,0.0,0.0,0.0,0.0,0.0,7.0,6.0,0.0,0.0,0.0
E1-T-86d728e6504c,数据结构与算法,拓扑排序,quiz,P1,983.0,470.0,14.0,70.21428571428571,0.0,0.0,22.0,0.0,0.0,0.0,0.0,3.0,0.0,0.0
E1-T-86d728e6504c,数据结构与算法,拓扑排序,quiz,P3,1615.0,825.0,25.0,64.6,0.0,0.0,18.0,0.0,0.0,0.0,0.0,3.0,4.0,0.0
E1-T-86d728e6504c,数据结构与算法,拓扑排序,quiz,P2,1220.0,624.0,18.0,67.77777777777777,0.0,0.0,16.0,0.0,0.0,0.0,0.0,3.0,2.0,0.0
E1-T-0b679557b184,机器学习,梯度下降,code,P1,621.0,278.0,25.0,24.84,3.0,0.0,21.0,0.0,25.0,0.0,0.0,0.0,0.0,0.0
E1-T-0b679557b184,机器学习,梯度下降,code,P2,689.0,255.0,29.0,23.75862068965517,5.0,0.0,18.0,0.0,29.0,0.0,0.0,0.0,1.0,0.0
E1-T-0b679557b184,机器学习,梯度下降,code,P3,1396.0,430.0,44.0,31.727272727272727,9.0,0.0,37.0,0.0,42.0,0.0,0.0,0.0,0.0,0.0
E1-T-a1f1768c8edc,操作系统,死锁四条件,doc,P1,2166.0,1386.0,73.0,29.671232876712327,9.0,13.0,6.0,1.0,0.0,0.0,0.0,0.0,1.0,6.0
E1-T-a1f1768c8edc,操作系统,死锁四条件,doc,P2,2210.0,1407.0,77.0,28.7012987012987,8.0,14.0,10.0,1.0,0.0,0.0,0.0,0.0,1.0,6.0
E1-T-a1f1768c8edc,操作系统,死锁四条件,doc,P3,2373.0,1468.0,84.0,28.25,8.0,18.0,6.0,1.0,0.0,0.0,0.0,0.0,2.0,6.0
E1-T-1925060ed722,数据结构与算法,KMP 字符串匹配,quiz,P2,1638.0,781.0,23.0,71.21739130434783,0.0,3.0,66.0,0.0,0.0,0.0,0.0,3.0,1.0,0.0
E1-T-1925060ed722,数据结构与算法,KMP 字符串匹配,quiz,P1,1879.0,799.0,23.0,81.69565217391305,0.0,3.0,70.0,0.0,0.0,0.0,0.0,3.0,0.0,0.0
E1-T-1925060ed722,数据结构与算法,KMP 字符串匹配,quiz,P3,1479.0,663.0,23.0,64.30434782608695,0.0,2.0,52.0,0.0,0.0,0.0,0.0,3.0,2.0,0.0
E1-T-f5a446aa09b4,操作系统,进程调度,path,P2,802.0,551.0,1.0,802.0,0.0,0.0,1.0,0.0,0.0,6.0,5.0,0.0,1.0,0.0
E1-T-f5a446aa09b4,操作系统,进程调度,path,P3,693.0,507.0,1.0,693.0,0.0,0.0,0.0,0.0,0.0,5.0,4.0,0.0,18.0,0.0
E1-T-f5a446aa09b4,操作系统,进程调度,path,P1,948.0,677.0,1.0,948.0,0.0,0.0,0.0,0.0,0.0,7.0,6.0,0.0,0.0,0.0
E1-T-1a6533c4a9c2,计算机组成原理,Cache 映射与替换,code,P3,1868.0,721.0,6.0,311.3333333333333,0.0,0.0,59.0,0.0,77.0,0.0,0.0,0.0,0.0,0.0
E1-T-1a6533c4a9c2,计算机组成原理,Cache 映射与替换,code,P2,1746.0,641.0,6.0,291.0,0.0,0.0,65.0,0.0,83.0,0.0,0.0,0.0,0.0,0.0
E1-T-1a6533c4a9c2,计算机组成原理,Cache 映射与替换,code,P1,1471.0,599.0,12.0,122.58333333333333,0.0,0.0,32.0,0.0,68.0,0.0,0.0,0.0,0.0,0.0
E1-T-2f66e535db00,数据结构与算法,拓扑排序,path,P2,815.0,555.0,1.0,815.0,0.0,0.0,1.0,0.0,0.0,6.0,5.0,0.0,1.0,0.0
E1-T-2f66e535db00,数据结构与算法,拓扑排序,path,P3,683.0,452.0,1.0,683.0,0.0,0.0,1.0,0.0,0.0,5.0,4.0,0.0,15.0,0.0
E1-T-2f66e535db00,数据结构与算法,拓扑排序,path,P1,831.0,566.0,1.0,831.0,0.0,0.0,0.0,0.0,0.0,7.0,6.0,0.0,0.0,0.0
E1-T-0842c7060bba,操作系统,虚拟内存与页表,path,P1,722.0,499.0,1.0,722.0,0.0,0.0,1.0,0.0,0.0,7.0,6.0,0.0,0.0,0.0
E1-T-0842c7060bba,操作系统,虚拟内存与页表,path,P3,728.0,512.0,1.0,728.0,0.0,0.0,1.0,0.0,0.0,5.0,4.0,0.0,16.0,0.0
E1-T-0842c7060bba,操作系统,虚拟内存与页表,path,P2,846.0,610.0,1.0,846.0,0.0,0.0,1.0,0.0,0.0,6.0,5.0,0.0,0.0,0.0
E1-T-89b1c58bf791,计算机网络,DNS 解析过程,quiz,P3,1460.0,835.0,32.0,45.625,0.0,3.0,8.0,0.0,0.0,0.0,0.0,3.0,1.0,0.0
E1-T-89b1c58bf791,计算机网络,DNS 解析过程,quiz,P1,617.0,267.0,10.0,61.7,0.0,0.0,9.0,0.0,0.0,0.0,0.0,3.0,0.0,0.0
E1-T-89b1c58bf791,计算机网络,DNS 解析过程,quiz,P2,1428.0,824.0,17.0,84.0,0.0,4.0,6.0,0.0,0.0,0.0,0.0,3.0,0.0,0.0
E1-T-fa9a33a5a948,操作系统,虚拟内存与页表,code,P3,2884.0,773.0,30.0,96.13333333333334,0.0,3.0,45.0,0.0,119.0,0.0,0.0,0.0,2.0,0.0
E1-T-fa9a33a5a948,操作系统,虚拟内存与页表,code,P1,2199.0,740.0,26.0,84.57692307692308,0.0,4.0,34.0,0.0,88.0,0.0,0.0,0.0,2.0,0.0
E1-T-fa9a33a5a948,操作系统,虚拟内存与页表,code,P2,2168.0,639.0,18.0,120.44444444444444,0.0,3.0,31.0,0.0,88.0,0.0,0.0,0.0,2.0,0.0
E1-T-3b508c4e192e,计算机组成原理,流水线数据冒险,quiz,P3,1157.0,633.0,18.0,64.27777777777777,0.0,0.0,22.0,0.0,0.0,0.0,0.0,3.0,0.0,0.0
E1-T-3b508c4e192e,计算机组成原理,流水线数据冒险,quiz,P2,1493.0,813.0,29.0,51.48275862068966,0.0,0.0,31.0,0.0,0.0,0.0,0.0,3.0,0.0,0.0
E1-T-3b508c4e192e,计算机组成原理,流水线数据冒险,quiz,P1,984.0,565.0,15.0,65.6,0.0,0.0,8.0,0.0,0.0,0.0,0.0,3.0,0.0,0.0
E1-T-313dca3a6e2f,机器学习,梯度下降,path,P1,1069.0,783.0,2.0,534.5,0.0,0.0,0.0,0.0,0.0,7.0,6.0,0.0,0.0,0.0
E1-T-313dca3a6e2f,机器学习,梯度下降,path,P2,804.0,591.0,1.0,804.0,0.0,0.0,2.0,0.0,0.0,6.0,5.0,0.0,4.0,0.0
E1-T-313dca3a6e2f,机器学习,梯度下降,path,P3,749.0,534.0,1.0,749.0,0.0,0.0,0.0,0.0,0.0,5.0,4.0,0.0,14.0,0.0
E1-T-a74182562833,操作系统,进程调度,reading,P2,2085.0,382.0,33.0,63.18181818181818,0.0,0.0,0.0,0.0,0.0,0.0,0.0,5.0,0.0,0.0
E1-T-a74182562833,操作系统,进程调度,reading,P1,1981.0,385.0,34.0,58.26470588235294,0.0,0.0,0.0,0.0,0.0,0.0,0.0,5.0,0.0,0.0
E1-T-a74182562833,操作系统,进程调度,reading,P3,2275.0,412.0,43.0,52.906976744186046,0.0,0.0,0.0,0.0,0.0,0.0,0.0,5.0,0.0,0.0
E1-T-8820ddfbec2f,计算机组成原理,流水线数据冒险,path,P2,797.0,550.0,3.0,265.6666666666667,0.0,0.0,3.0,0.0,0.0,6.0,5.0,0.0,3.0,0.0
E1-T-8820ddfbec2f,计算机组成原理,流水线数据冒险,path,P3,767.0,529.0,1.0,767.0,0.0,0.0,0.0,0.0,0.0,5.0,4.0,0.0,7.0,0.0
E1-T-8820ddfbec2f,计算机组成原理,流水线数据冒险,path,P1,963.0,673.0,22.0,43.77272727272727,0.0,0.0,0.0,0.0,0.0,7.0,6.0,0.0,0.0,0.0
E1-T-fc2b0d8d3f60,操作系统,虚拟内存与页表,doc,P2,2603.0,1444.0,59.0,44.11864406779661,10.0,9.0,27.0,1.0,0.0,0.0,0.0,0.0,2.0,6.0
E1-T-fc2b0d8d3f60,操作系统,虚拟内存与页表,doc,P1,2582.0,1519.0,61.0,42.32786885245902,11.0,12.0,34.0,1.0,0.0,0.0,0.0,0.0,2.0,6.0
E1-T-fc2b0d8d3f60,操作系统,虚拟内存与页表,doc,P3,2522.0,1422.0,62.0,40.67741935483871,10.0,10.0,25.0,1.0,0.0,0.0,0.0,0.0,1.0,6.0
E1-T-f2082b99888e,计算机组成原理,虚地址翻译,quiz,P3,880.0,452.0,14.0,62.857142857142854,0.0,0.0,10.0,0.0,0.0,0.0,0.0,3.0,1.0,0.0
E1-T-f2082b99888e,计算机组成原理,虚地址翻译,quiz,P2,4840.0,2783.0,185.0,26.16216216216216,0.0,0.0,134.0,0.0,0.0,0.0,0.0,3.0,0.0,0.0
E1-T-f2082b99888e,计算机组成原理,虚地址翻译,quiz,P1,648.0,353.0,11.0,58.90909090909091,0.0,0.0,4.0,0.0,0.0,0.0,0.0,3.0,0.0,0.0
E1-T-70d4a421999b,操作系统,虚拟内存与页表,quiz,P3,1238.0,592.0,16.0,77.375,1.0,0.0,7.0,0.0,0.0,0.0,0.0,3.0,1.0,0.0
E1-T-70d4a421999b,操作系统,虚拟内存与页表,quiz,P1,703.0,397.0,11.0,63.90909090909091,0.0,2.0,7.0,0.0,0.0,0.0,0.0,3.0,0.0,0.0
E1-T-70d4a421999b,操作系统,虚拟内存与页表,quiz,P2,741.0,375.0,11.0,67.36363636363636,0.0,0.0,6.0,0.0,0.0,0.0,0.0,3.0,1.0,0.0
E1-T-c473af356bf9,计算机网络,DNS 解析过程,code,P2,2707.0,762.0,88.0,30.761363636363637,0.0,6.0,66.0,0.0,112.0,0.0,0.0,0.0,2.0,0.0
E1-T-c473af356bf9,计算机网络,DNS 解析过程,code,P3,3235.0,927.0,90.0,35.94444444444444,0.0,4.0,62.0,0.0,146.0,0.0,0.0,0.0,3.0,0.0
E1-T-c473af356bf9,计算机网络,DNS 解析过程,code,P1,1310.0,539.0,40.0,32.75,3.0,8.0,13.0,0.0,52.0,0.0,0.0,0.0,1.0,0.0
E1-T-a44a9df101b5,机器学习,K-Means 聚类,code,P1,1073.0,351.0,26.0,41.26923076923077,5.0,0.0,26.0,0.0,32.0,0.0,0.0,0.0,0.0,0.0
E1-T-a44a9df101b5,机器学习,K-Means 聚类,code,P3,1996.0,573.0,53.0,37.660377358490564,11.0,0.0,48.0,0.0,63.0,0.0,0.0,0.0,0.0,0.0
E1-T-a44a9df101b5,机器学习,K-Means 聚类,code,P2,1461.0,387.0,43.0,33.97674418604651,5.0,0.0,31.0,0.0,41.0,0.0,0.0,0.0,0.0,0.0
E1-T-0f49ce567963,计算机网络,DNS 解析过程,doc,P1,2944.0,1603.0,103.0,28.58252427184466,7.0,15.0,16.0,1.0,0.0,0.0,0.0,0.0,2.0,6.0
E1-T-0f49ce567963,计算机网络,DNS 解析过程,doc,P2,2326.0,1130.0,62.0,37.516129032258064,9.0,12.0,14.0,1.0,0.0,0.0,0.0,0.0,4.0,6.0
E1-T-0f49ce567963,计算机网络,DNS 解析过程,doc,P3,2679.0,1599.0,102.0,26.264705882352942,10.0,14.0,6.0,1.0,0.0,0.0,0.0,0.0,5.0,6.0
E1-T-fc49d9caf3a0,操作系统,信号量与互斥锁,doc,P3,2238.0,1224.0,79.0,28.329113924050635,7.0,17.0,20.0,3.0,0.0,0.0,0.0,0.0,3.0,6.0
E1-T-fc49d9caf3a0,操作系统,信号量与互斥锁,doc,P1,1977.0,1214.0,55.0,35.945454545454545,13.0,4.0,13.0,3.0,0.0,0.0,0.0,0.0,2.0,6.0
E1-T-fc49d9caf3a0,操作系统,信号量与互斥锁,doc,P2,2448.0,1348.0,73.0,33.534246575342465,9.0,6.0,11.0,2.0,0.0,0.0,0.0,0.0,2.0,6.0
E1-T-2a44dae2d9ce,数据结构与算法,拓扑排序,doc,P2,2153.0,1283.0,65.0,33.12307692307692,8.0,18.0,21.0,1.0,0.0,0.0,0.0,0.0,4.0,6.0
E1-T-2a44dae2d9ce,数据结构与算法,拓扑排序,doc,P3,2086.0,1241.0,64.0,32.59375,8.0,8.0,24.0,1.0,0.0,0.0,0.0,0.0,5.0,6.0
E1-T-2a44dae2d9ce,数据结构与算法,拓扑排序,doc,P1,1874.0,1120.0,60.0,31.233333333333334,8.0,13.0,15.0,1.0,0.0,0.0,0.0,0.0,3.0,6.0
E1-T-f612b5811104,数据结构与算法,KMP 字符串匹配,reading,P2,1761.0,805.0,27.0,65.22222222222223,0.0,0.0,0.0,0.0,0.0,0.0,0.0,5.0,6.0,0.0
E1-T-f612b5811104,数据结构与算法,KMP 字符串匹配,reading,P3,1760.0,810.0,31.0,56.774193548387096,0.0,0.0,0.0,0.0,0.0,0.0,0.0,5.0,0.0,0.0
E1-T-f612b5811104,数据结构与算法,KMP 字符串匹配,reading,P1,1683.0,759.0,20.0,84.15,0.0,0.0,0.0,0.0,0.0,0.0,0.0,5.0,4.0,0.0
E1-T-58a5fd1ce59c,计算机网络,TCP 三次握手,code,P2,2659.0,787.0,48.0,55.395833333333336,0.0,11.0,73.0,0.0,140.0,0.0,0.0,0.0,3.0,0.0
E1-T-58a5fd1ce59c,计算机网络,TCP 三次握手,code,P1,2335.0,762.0,38.0,61.44736842105263,0.0,6.0,75.0,0.0,107.0,0.0,0.0,0.0,3.0,0.0
E1-T-58a5fd1ce59c,计算机网络,TCP 三次握手,code,P3,2371.0,765.0,45.0,52.68888888888889,0.0,5.0,59.0,0.0,106.0,0.0,0.0,0.0,3.0,0.0
E1-T-350f02e0d3df,机器学习,PCA 主成分分析,doc,P1,2032.0,1179.0,74.0,27.45945945945946,10.0,11.0,21.0,1.0,0.0,0.0,0.0,0.0,1.0,6.0
E1-T-350f02e0d3df,机器学习,PCA 主成分分析,doc,P3,2665.0,1500.0,89.0,29.9438202247191,12.0,12.0,35.0,1.0,0.0,0.0,0.0,0.0,2.0,6.0
E1-T-350f02e0d3df,机器学习,PCA 主成分分析,doc,P2,2455.0,1412.0,82.0,29.9390243902439,13.0,12.0,35.0,1.0,0.0,0.0,0.0,0.0,1.0,6.0
E1-T-5a959897d95a,数据结构与算法,红黑树,path,P3,678.0,481.0,1.0,678.0,0.0,0.0,1.0,0.0,0.0,5.0,4.0,0.0,15.0,0.0
E1-T-5a959897d95a,数据结构与算法,红黑树,path,P1,892.0,648.0,1.0,892.0,0.0,0.0,0.0,0.0,0.0,7.0,6.0,0.0,0.0,0.0
E1-T-5a959897d95a,数据结构与算法,红黑树,path,P2,893.0,597.0,1.0,893.0,0.0,0.0,2.0,0.0,0.0,6.0,5.0,0.0,5.0,0.0
E1-T-4dc2c0f7e4a1,数据结构与算法,Dijkstra 最短路径,doc,P2,2983.0,1520.0,72.0,41.43055555555556,9.0,35.0,62.0,2.0,0.0,0.0,0.0,0.0,9.0,6.0
E1-T-4dc2c0f7e4a1,数据结构与算法,Dijkstra 最短路径,doc,P3,1955.0,1022.0,57.0,34.29824561403509,7.0,14.0,35.0,1.0,0.0,0.0,0.0,0.0,13.0,6.0
E1-T-4dc2c0f7e4a1,数据结构与算法,Dijkstra 最短路径,doc,P1,2338.0,1391.0,71.0,32.929577464788736,7.0,12.0,35.0,2.0,0.0,0.0,0.0,0.0,7.0,6.0
E1-T-6d784237716e,计算机组成原理,IEEE 754 浮点数,quiz,P3,1058.0,522.0,28.0,37.785714285714285,0.0,0.0,14.0,0.0,0.0,0.0,0.0,3.0,0.0,0.0
E1-T-6d784237716e,计算机组成原理,IEEE 754 浮点数,quiz,P2,1553.0,639.0,24.0,64.70833333333333,0.0,4.0,49.0,0.0,0.0,0.0,0.0,3.0,0.0,0.0
E1-T-6d784237716e,计算机组成原理,IEEE 754 浮点数,quiz,P1,768.0,316.0,20.0,38.4,2.0,0.0,6.0,0.0,0.0,0.0,0.0,3.0,0.0,0.0
E1-T-1b828209442a,计算机组成原理,虚地址翻译,reading,P1,1700.0,358.0,12.0,141.66666666666666,0.0,0.0,0.0,0.0,0.0,0.0,0.0,5.0,0.0,0.0
E1-T-1b828209442a,计算机组成原理,虚地址翻译,reading,P2,1757.0,374.0,17.0,103.3529411764706,0.0,0.0,0.0,0.0,0.0,0.0,0.0,5.0,0.0,0.0
E1-T-1b828209442a,计算机组成原理,虚地址翻译,reading,P3,1702.0,388.0,26.0,65.46153846153847,0.0,0.0,0.0,0.0,0.0,0.0,0.0,5.0,0.0,0.0
E1-T-2f5b8a9c60c4,计算机组成原理,虚地址翻译,path,P2,816.0,558.0,1.0,816.0,0.0,0.0,1.0,0.0,0.0,6.0,5.0,0.0,7.0,0.0
E1-T-2f5b8a9c60c4,计算机组成原理,虚地址翻译,path,P1,870.0,619.0,1.0,870.0,0.0,0.0,0.0,0.0,0.0,7.0,6.0,0.0,0.0,0.0
E1-T-2f5b8a9c60c4,计算机组成原理,虚地址翻译,path,P3,706.0,493.0,1.0,706.0,0.0,0.0,2.0,0.0,0.0,5.0,4.0,0.0,10.0,0.0
E1-T-dc092d5cbc35,操作系统,信号量与互斥锁,code,P2,1059.0,429.0,8.0,132.375,0.0,3.0,13.0,0.0,49.0,0.0,0.0,0.0,2.0,0.0
E1-T-dc092d5cbc35,操作系统,信号量与互斥锁,code,P3,1026.0,375.0,11.0,93.27272727272727,0.0,4.0,15.0,0.0,45.0,0.0,0.0,0.0,2.0,0.0
E1-T-dc092d5cbc35,操作系统,信号量与互斥锁,code,P1,1079.0,431.0,8.0,134.875,0.0,3.0,13.0,0.0,52.0,0.0,0.0,0.0,2.0,0.0
E1-T-b232471d42fd,操作系统,死锁四条件,code,P1,1207.0,493.0,8.0,150.875,0.0,3.0,18.0,0.0,57.0,0.0,0.0,0.0,2.0,0.0
E1-T-b232471d42fd,操作系统,死锁四条件,code,P2,1239.0,442.0,9.0,137.66666666666666,0.0,3.0,8.0,0.0,53.0,0.0,0.0,0.0,2.0,0.0
E1-T-b232471d42fd,操作系统,死锁四条件,code,P3,1274.0,472.0,14.0,91.0,0.0,9.0,6.0,0.0,53.0,0.0,0.0,0.0,2.0,0.0
E1-T-3f28b39924ab,计算机组成原理,Cache 映射与替换,quiz,P1,1607.0,668.0,22.0,73.04545454545455,0.0,0.0,30.0,0.0,0.0,0.0,0.0,3.0,0.0,0.0
E1-T-3f28b39924ab,计算机组成原理,Cache 映射与替换,quiz,P2,1633.0,576.0,21.0,77.76190476190476,0.0,0.0,42.0,0.0,0.0,0.0,0.0,3.0,0.0,0.0
E1-T-3f28b39924ab,计算机组成原理,Cache 映射与替换,quiz,P3,1885.0,897.0,30.0,62.833333333333336,0.0,0.0,29.0,0.0,0.0,0.0,0.0,3.0,0.0,0.0
E1-T-ff6573d40a90,机器学习,决策树剪枝,doc,P1,2919.0,1625.0,93.0,31.387096774193548,12.0,15.0,21.0,1.0,0.0,0.0,0.0,0.0,5.0,6.0
E1-T-ff6573d40a90,机器学习,决策树剪枝,doc,P2,3345.0,1601.0,92.0,36.358695652173914,14.0,9.0,33.0,1.0,0.0,0.0,0.0,0.0,10.0,6.0
E1-T-ff6573d40a90,机器学习,决策树剪枝,doc,P3,3663.0,1751.0,97.0,37.76288659793814,15.0,13.0,36.0,1.0,0.0,0.0,0.0,0.0,5.0,6.0
E1-T-8f029c060cd8,操作系统,死锁四条件,path,P1,814.0,581.0,1.0,814.0,0.0,0.0,1.0,0.0,0.0,7.0,6.0,0.0,0.0,0.0
E1-T-8f029c060cd8,操作系统,死锁四条件,path,P2,808.0,581.0,1.0,808.0,0.0,0.0,1.0,0.0,0.0,6.0,5.0,0.0,1.0,0.0
E1-T-8f029c060cd8,操作系统,死锁四条件,path,P3,658.0,453.0,21.0,31.333333333333332,0.0,0.0,0.0,0.0,0.0,5.0,4.0,0.0,14.0,0.0
E1-T-a89ba097706b,操作系统,信号量与互斥锁,quiz,P3,1491.0,723.0,20.0,74.55,0.0,0.0,18.0,0.0,0.0,0.0,0.0,3.0,0.0,0.0
E1-T-a89ba097706b,操作系统,信号量与互斥锁,quiz,P2,1692.0,741.0,25.0,67.68,0.0,0.0,16.0,0.0,0.0,0.0,0.0,3.0,0.0,0.0
E1-T-a89ba097706b,操作系统,信号量与互斥锁,quiz,P1,1524.0,629.0,15.0,101.6,0.0,0.0,16.0,0.0,0.0,0.0,0.0,3.0,0.0,0.0
E1-T-7222dd4cc776,计算机网络,TCP 三次握手,path,P3,722.0,433.0,1.0,722.0,0.0,0.0,1.0,0.0,0.0,5.0,4.0,0.0,10.0,0.0
E1-T-7222dd4cc776,计算机网络,TCP 三次握手,path,P1,1182.0,794.0,1.0,1182.0,0.0,0.0,0.0,0.0,0.0,7.0,6.0,0.0,1.0,0.0
E1-T-7222dd4cc776,计算机网络,TCP 三次握手,path,P2,968.0,603.0,2.0,484.0,0.0,0.0,1.0,0.0,0.0,6.0,5.0,0.0,1.0,0.0
E1-T-a47c831b7f0e,计算机组成原理,IEEE 754 浮点数,path,P1,955.0,684.0,2.0,477.5,0.0,0.0,0.0,0.0,0.0,7.0,6.0,0.0,1.0,0.0
E1-T-a47c831b7f0e,计算机组成原理,IEEE 754 浮点数,path,P3,712.0,477.0,1.0,712.0,0.0,0.0,0.0,0.0,0.0,5.0,4.0,0.0,11.0,0.0
E1-T-a47c831b7f0e,计算机组成原理,IEEE 754 浮点数,path,P2,782.0,531.0,1.0,782.0,0.0,0.0,3.0,0.0,0.0,6.0,5.0,0.0,4.0,0.0
E1-T-663efcf7a379,机器学习,K-Means 聚类,reading,P1,1868.0,673.0,22.0,84.9090909090909,0.0,0.0,0.0,0.0,0.0,0.0,0.0,5.0,4.0,0.0
E1-T-663efcf7a379,机器学习,K-Means 聚类,reading,P3,1989.0,690.0,49.0,40.59183673469388,0.0,0.0,0.0,0.0,0.0,0.0,0.0,5.0,2.0,0.0
E1-T-663efcf7a379,机器学习,K-Means 聚类,reading,P2,1951.0,678.0,38.0,51.3421052631579,0.0,0.0,0.0,0.0,0.0,0.0,0.0,5.0,2.0,0.0
E1-T-1f0bbe91bc68,计算机组成原理,IEEE 754 浮点数,code,P1,459.0,235.0,19.0,24.157894736842106,3.0,0.0,4.0,0.0,20.0,0.0,0.0,0.0,0.0,0.0
E1-T-1f0bbe91bc68,计算机组成原理,IEEE 754 浮点数,code,P3,766.0,365.0,48.0,15.958333333333334,14.0,0.0,5.0,0.0,29.0,0.0,0.0,0.0,0.0,0.0
E1-T-1f0bbe91bc68,计算机组成原理,IEEE 754 浮点数,code,P2,1368.0,668.0,12.0,114.0,9.0,0.0,20.0,0.0,72.0,0.0,0.0,0.0,0.0,0.0
E1-T-f09f9a8e665c,操作系统,信号量与互斥锁,reading,P2,2011.0,392.0,49.0,41.04081632653061,0.0,0.0,0.0,0.0,0.0,0.0,0.0,5.0,0.0,0.0
E1-T-f09f9a8e665c,操作系统,信号量与互斥锁,reading,P1,1958.0,384.0,36.0,54.388888888888886,0.0,0.0,0.0,0.0,0.0,0.0,0.0,5.0,0.0,0.0
E1-T-f09f9a8e665c,操作系统,信号量与互斥锁,reading,P3,1930.0,388.0,45.0,42.888888888888886,0.0,0.0,0.0,0.0,0.0,0.0,0.0,5.0,0.0,0.0
E1-T-67da55a87176,计算机网络,HTTPS 与 TLS,reading,P2,1747.0,714.0,29.0,60.241379310344826,0.0,0.0,0.0,0.0,0.0,0.0,0.0,5.0,4.0,0.0
E1-T-67da55a87176,计算机网络,HTTPS 与 TLS,reading,P3,1776.0,718.0,31.0,57.29032258064516,0.0,0.0,0.0,0.0,0.0,0.0,0.0,5.0,8.0,0.0
E1-T-67da55a87176,计算机网络,HTTPS 与 TLS,reading,P1,1671.0,672.0,13.0,128.53846153846155,0.0,0.0,0.0,0.0,0.0,0.0,0.0,5.0,8.0,0.0
E1-T-be00cabaa74e,操作系统,死锁四条件,reading,P3,1869.0,365.0,39.0,47.92307692307692,0.0,0.0,0.0,0.0,0.0,0.0,0.0,5.0,2.0,0.0
E1-T-be00cabaa74e,操作系统,死锁四条件,reading,P2,1961.0,364.0,29.0,67.62068965517241,0.0,0.0,0.0,0.0,0.0,0.0,0.0,5.0,2.0,0.0
E1-T-be00cabaa74e,操作系统,死锁四条件,reading,P1,2005.0,376.0,31.0,64.6774193548387,0.0,0.0,0.0,0.0,0.0,0.0,0.0,5.0,0.0,0.0
E1-T-e0bcac123c87,机器学习,K-Means 聚类,doc,P3,2779.0,1344.0,85.0,32.694117647058825,8.0,12.0,25.0,1.0,0.0,0.0,0.0,0.0,1.0,6.0
E1-T-e0bcac123c87,机器学习,K-Means 聚类,doc,P2,2070.0,1179.0,72.0,28.75,12.0,15.0,24.0,1.0,0.0,0.0,0.0,0.0,2.0,6.0
E1-T-e0bcac123c87,机器学习,K-Means 聚类,doc,P1,2620.0,1328.0,82.0,31.951219512195124,14.0,12.0,17.0,1.0,0.0,0.0,0.0,0.0,1.0,6.0
E1-T-6bf352248bff,操作系统,进程调度,quiz,P3,1228.0,710.0,23.0,53.391304347826086,0.0,0.0,8.0,0.0,0.0,0.0,0.0,3.0,0.0,0.0
E1-T-6bf352248bff,操作系统,进程调度,quiz,P2,2221.0,1001.0,35.0,63.457142857142856,1.0,0.0,37.0,0.0,0.0,0.0,0.0,3.0,0.0,0.0
E1-T-6bf352248bff,操作系统,进程调度,quiz,P1,973.0,420.0,13.0,74.84615384615384,0.0,0.0,15.0,0.0,0.0,0.0,0.0,3.0,0.0,0.0
E1-T-7bd0c14e76bc,计算机网络,拥塞控制,code,P2,1945.0,630.0,55.0,35.36363636363637,3.0,0.0,46.0,0.0,79.0,0.0,0.0,0.0,2.0,0.0
E1-T-7bd0c14e76bc,计算机网络,拥塞控制,code,P3,1291.0,435.0,6.0,215.16666666666666,0.0,4.0,44.0,0.0,64.0,0.0,0.0,0.0,2.0,0.0
E1-T-7bd0c14e76bc,计算机网络,拥塞控制,code,P1,2339.0,692.0,8.0,292.375,0.0,3.0,96.0,0.0,95.0,0.0,0.0,0.0,3.0,0.0
E1-T-78085413206a,数据结构与算法,红黑树,doc,P2,2418.0,1516.0,94.0,25.72340425531915,6.0,11.0,31.0,1.0,0.0,0.0,0.0,0.0,6.0,6.0
E1-T-78085413206a,数据结构与算法,红黑树,doc,P3,2257.0,1399.0,84.0,26.86904761904762,6.0,13.0,24.0,1.0,0.0,0.0,0.0,0.0,7.0,6.0
E1-T-78085413206a,数据结构与算法,红黑树,doc,P1,1945.0,1273.0,77.0,25.25974025974026,6.0,11.0,26.0,1.0,0.0,0.0,0.0,0.0,4.0,6.0
E1-T-27505aea8283,计算机网络,HTTPS 与 TLS,path,P3,742.0,450.0,5.0,148.4,0.0,0.0,0.0,0.0,0.0,5.0,4.0,0.0,12.0,0.0
E1-T-27505aea8283,计算机网络,HTTPS 与 TLS,path,P2,912.0,561.0,7.0,130.28571428571428,0.0,0.0,1.0,0.0,0.0,6.0,5.0,0.0,3.0,0.0
E1-T-27505aea8283,计算机网络,HTTPS 与 TLS,path,P1,1189.0,692.0,2.0,594.5,0.0,0.0,1.0,0.0,0.0,7.0,6.0,0.0,2.0,0.0
E1-T-0733995c3191,机器学习,决策树剪枝,reading,P2,1828.0,723.0,32.0,57.125,0.0,0.0,0.0,0.0,0.0,0.0,0.0,5.0,9.0,0.0
E1-T-0733995c3191,机器学习,决策树剪枝,reading,P1,1761.0,709.0,20.0,88.05,0.0,0.0,0.0,0.0,0.0,0.0,0.0,5.0,9.0,0.0
E1-T-0733995c3191,机器学习,决策树剪枝,reading,P3,1843.0,736.0,33.0,55.84848484848485,0.0,0.0,0.0,0.0,0.0,0.0,0.0,5.0,11.0,0.0
E1-T-35a19fca8c3b,计算机网络,TCP 三次握手,doc,P2,2824.0,1302.0,81.0,34.864197530864196,8.0,5.0,28.0,1.0,0.0,0.0,0.0,0.0,11.0,6.0
E1-T-35a19fca8c3b,计算机网络,TCP 三次握手,doc,P1,2716.0,1538.0,87.0,31.2183908045977,14.0,12.0,14.0,3.0,0.0,0.0,0.0,0.0,4.0,6.0
E1-T-35a19fca8c3b,计算机网络,TCP 三次握手,doc,P3,2957.0,1541.0,88.0,33.60227272727273,16.0,11.0,42.0,1.0,0.0,0.0,0.0,0.0,8.0,6.0
E1-T-32072b804d80,计算机网络,拥塞控制,quiz,P2,828.0,406.0,9.0,92.0,2.0,0.0,15.0,0.0,0.0,0.0,0.0,3.0,0.0,0.0
E1-T-32072b804d80,计算机网络,拥塞控制,quiz,P1,965.0,545.0,15.0,64.33333333333333,0.0,0.0,6.0,0.0,0.0,0.0,0.0,3.0,0.0,0.0
E1-T-32072b804d80,计算机网络,拥塞控制,quiz,P3,2194.0,789.0,29.0,75.65517241379311,0.0,8.0,75.0,0.0,0.0,0.0,0.0,3.0,2.0,0.0
E1-T-442313e74e3c,计算机网络,DNS 解析过程,path,P3,707.0,454.0,1.0,707.0,0.0,0.0,0.0,0.0,0.0,5.0,4.0,0.0,5.0,0.0
E1-T-442313e74e3c,计算机网络,DNS 解析过程,path,P2,818.0,510.0,1.0,818.0,0.0,0.0,1.0,0.0,0.0,6.0,5.0,0.0,2.0,0.0
E1-T-442313e74e3c,计算机网络,DNS 解析过程,path,P1,884.0,529.0,3.0,294.6666666666667,0.0,0.0,0.0,0.0,0.0,7.0,6.0,0.0,0.0,0.0
E1-T-05336fb4a7e0,操作系统,信号量与互斥锁,path,P3,708.0,498.0,1.0,708.0,0.0,0.0,0.0,0.0,0.0,5.0,4.0,0.0,12.0,0.0
E1-T-05336fb4a7e0,操作系统,信号量与互斥锁,path,P2,818.0,570.0,1.0,818.0,0.0,0.0,1.0,0.0,0.0,6.0,5.0,0.0,1.0,0.0
E1-T-05336fb4a7e0,操作系统,信号量与互斥锁,path,P1,1023.0,749.0,1.0,1023.0,0.0,0.0,0.0,0.0,0.0,7.0,6.0,0.0,0.0,0.0
E1-T-f1304249ec67,数据结构与算法,拓扑排序,code,P2,898.0,291.0,17.0,52.8235294117647,0.0,0.0,55.0,0.0,41.0,0.0,0.0,0.0,2.0,0.0
E1-T-f1304249ec67,数据结构与算法,拓扑排序,code,P3,925.0,302.0,19.0,48.68421052631579,0.0,0.0,54.0,0.0,41.0,0.0,0.0,0.0,2.0,0.0
E1-T-f1304249ec67,数据结构与算法,拓扑排序,code,P1,816.0,265.0,16.0,51.0,0.0,0.0,48.0,0.0,32.0,0.0,0.0,0.0,2.0,0.0
E1-T-b3cde7a8dfe8,计算机组成原理,IEEE 754 浮点数,doc,P2,2068.0,1113.0,77.0,26.857142857142858,10.0,12.0,24.0,1.0,0.0,0.0,0.0,0.0,3.0,6.0
E1-T-b3cde7a8dfe8,计算机组成原理,IEEE 754 浮点数,doc,P1,2738.0,1418.0,82.0,33.390243902439025,9.0,12.0,28.0,2.0,0.0,0.0,0.0,0.0,1.0,6.0
E1-T-b3cde7a8dfe8,计算机组成原理,IEEE 754 浮点数,doc,P3,2275.0,1158.0,77.0,29.545454545454547,8.0,16.0,30.0,1.0,0.0,0.0,0.0,0.0,1.0,6.0
E1-T-2e61a99ac50c,操作系统,死锁四条件,quiz,P1,903.0,507.0,14.0,64.5,0.0,0.0,0.0,0.0,0.0,0.0,0.0,3.0,0.0,0.0
E1-T-2e61a99ac50c,操作系统,死锁四条件,quiz,P2,1343.0,755.0,34.0,39.5,5.0,0.0,8.0,0.0,0.0,0.0,0.0,3.0,0.0,0.0
E1-T-2e61a99ac50c,操作系统,死锁四条件,quiz,P3,1178.0,685.0,15.0,78.53333333333333,0.0,0.0,18.0,0.0,0.0,0.0,0.0,3.0,0.0,0.0
E1-T-9e9c42d0143f,机器学习,PCA 主成分分析,code,P1,1020.0,382.0,37.0,27.56756756756757,9.0,0.0,19.0,0.0,35.0,0.0,0.0,0.0,0.0,0.0
E1-T-9e9c42d0143f,机器学习,PCA 主成分分析,code,P2,1769.0,556.0,48.0,36.854166666666664,10.0,0.0,33.0,0.0,55.0,0.0,0.0,0.0,0.0,0.0
E1-T-9e9c42d0143f,机器学习,PCA 主成分分析,code,P3,1600.0,520.0,58.0,27.586206896551722,7.0,0.0,25.0,0.0,50.0,0.0,0.0,0.0,0.0,0.0
E1-T-25930da24b83,计算机网络,拥塞控制,doc,P2,3140.0,1679.0,71.0,44.225352112676056,8.0,21.0,43.0,1.0,0.0,0.0,0.0,0.0,5.0,6.0
E1-T-25930da24b83,计算机网络,拥塞控制,doc,P1,3350.0,1776.0,78.0,42.94871794871795,7.0,28.0,35.0,1.0,0.0,0.0,0.0,0.0,9.0,6.0
E1-T-25930da24b83,计算机网络,拥塞控制,doc,P3,2760.0,1478.0,60.0,46.0,8.0,19.0,33.0,1.0,0.0,0.0,0.0,0.0,7.0,6.0
E1-T-01989894bc32,操作系统,虚拟内存与页表,reading,P3,2005.0,422.0,43.0,46.627906976744185,0.0,0.0,0.0,0.0,0.0,0.0,0.0,5.0,0.0,0.0
E1-T-01989894bc32,操作系统,虚拟内存与页表,reading,P2,2050.0,419.0,31.0,66.12903225806451,0.0,0.0,0.0,0.0,0.0,0.0,0.0,5.0,0.0,0.0
E1-T-01989894bc32,操作系统,虚拟内存与页表,reading,P1,2005.0,417.0,31.0,64.6774193548387,0.0,0.0,0.0,0.0,0.0,0.0,0.0,5.0,0.0,0.0
E1-T-cb6bd9e65c8e,机器学习,K-Means 聚类,quiz,P2,1230.0,646.0,20.0,61.5,0.0,0.0,64.0,0.0,0.0,0.0,0.0,3.0,0.0,0.0
E1-T-cb6bd9e65c8e,机器学习,K-Means 聚类,quiz,P3,2592.0,899.0,64.0,40.5,0.0,2.0,34.0,0.0,0.0,0.0,0.0,3.0,0.0,0.0
E1-T-cb6bd9e65c8e,机器学习,K-Means 聚类,quiz,P1,968.0,482.0,16.0,60.5,0.0,0.0,13.0,0.0,0.0,0.0,0.0,3.0,0.0,0.0
E1-T-c748a8074c6e,操作系统,进程调度,doc,P3,2532.0,1580.0,67.0,37.791044776119406,8.0,26.0,11.0,1.0,0.0,0.0,0.0,0.0,1.0,6.0
E1-T-c748a8074c6e,操作系统,进程调度,doc,P2,2637.0,1408.0,67.0,39.35820895522388,7.0,12.0,22.0,1.0,0.0,0.0,0.0,0.0,2.0,6.0
E1-T-c748a8074c6e,操作系统,进程调度,doc,P1,3668.0,2010.0,90.0,40.75555555555555,9.0,21.0,44.0,1.0,0.0,0.0,0.0,0.0,3.0,6.0
E1-T-8b7fbfbab63d,机器学习,决策树剪枝,code,P1,1069.0,301.0,28.0,38.17857142857143,5.0,0.0,12.0,0.0,21.0,0.0,0.0,0.0,1.0,0.0
E1-T-8b7fbfbab63d,机器学习,决策树剪枝,code,P2,1785.0,416.0,28.0,63.75,7.0,0.0,37.0,0.0,44.0,0.0,0.0,0.0,3.0,0.0
E1-T-8b7fbfbab63d,机器学习,决策树剪枝,code,P3,2538.0,599.0,74.0,34.2972972972973,9.0,0.0,47.0,0.0,58.0,0.0,0.0,0.0,5.0,0.0
E1-T-88c473f0decf,机器学习,PCA 主成分分析,reading,P3,1887.0,751.0,37.0,51.0,0.0,0.0,0.0,0.0,0.0,0.0,0.0,5.0,0.0,0.0
E1-T-88c473f0decf,机器学习,PCA 主成分分析,reading,P1,1781.0,726.0,32.0,55.65625,0.0,0.0,0.0,0.0,0.0,0.0,0.0,5.0,2.0,0.0
E1-T-88c473f0decf,机器学习,PCA 主成分分析,reading,P2,1862.0,721.0,35.0,53.2,0.0,0.0,0.0,0.0,0.0,0.0,0.0,5.0,2.0,0.0
E1-T-81be6ef2d10d,计算机组成原理,Cache 映射与替换,doc,P2,2206.0,1203.0,60.0,36.766666666666666,9.0,13.0,26.0,1.0,0.0,0.0,0.0,0.0,1.0,6.0
E1-T-81be6ef2d10d,计算机组成原理,Cache 映射与替换,doc,P3,2378.0,1183.0,64.0,37.15625,9.0,7.0,41.0,1.0,0.0,0.0,0.0,0.0,2.0,6.0
E1-T-81be6ef2d10d,计算机组成原理,Cache 映射与替换,doc,P1,2945.0,1521.0,84.0,35.05952380952381,7.0,10.0,46.0,1.0,0.0,0.0,0.0,0.0,1.0,6.0
E1-T-4ff1ed7556e2,机器学习,梯度下降,quiz,P1,797.0,468.0,14.0,56.92857142857143,0.0,0.0,12.0,0.0,0.0,0.0,0.0,3.0,0.0,0.0
E1-T-4ff1ed7556e2,机器学习,梯度下降,quiz,P3,1569.0,921.0,34.0,46.14705882352941,0.0,4.0,22.0,0.0,0.0,0.0,0.0,3.0,3.0,0.0
E1-T-4ff1ed7556e2,机器学习,梯度下降,quiz,P2,1034.0,621.0,18.0,57.44444444444444,0.0,0.0,6.0,0.0,0.0,0.0,0.0,3.0,1.0,0.0
E1-T-c91627869ea7,数据结构与算法,KMP 字符串匹配,code,P1,953.0,294.0,12.0,79.41666666666667,0.0,0.0,45.0,0.0,44.0,0.0,0.0,0.0,4.0,0.0
E1-T-c91627869ea7,数据结构与算法,KMP 字符串匹配,code,P3,1058.0,295.0,14.0,75.57142857142857,0.0,0.0,64.0,0.0,51.0,0.0,0.0,0.0,4.0,0.0
E1-T-c91627869ea7,数据结构与算法,KMP 字符串匹配,code,P2,1074.0,308.0,12.0,89.5,0.0,0.0,61.0,0.0,52.0,0.0,0.0,0.0,4.0,0.0
E1-T-9001d573ad8e,数据结构与算法,KMP 字符串匹配,path,P3,710.0,501.0,1.0,710.0,0.0,0.0,0.0,0.0,0.0,5.0,4.0,0.0,24.0,0.0
E1-T-9001d573ad8e,数据结构与算法,KMP 字符串匹配,path,P1,853.0,579.0,1.0,853.0,0.0,0.0,0.0,0.0,0.0,7.0,6.0,0.0,6.0,0.0
E1-T-9001d573ad8e,数据结构与算法,KMP 字符串匹配,path,P2,825.0,562.0,1.0,825.0,0.0,0.0,0.0,0.0,0.0,6.0,5.0,0.0,3.0,0.0
E1-T-33853bffd67e,机器学习,梯度下降,reading,P1,1702.0,691.0,25.0,68.08,0.0,0.0,0.0,0.0,0.0,0.0,0.0,5.0,10.0,0.0
E1-T-33853bffd67e,机器学习,梯度下降,reading,P2,1769.0,693.0,32.0,55.28125,0.0,0.0,0.0,0.0,0.0,0.0,0.0,5.0,13.0,0.0
E1-T-33853bffd67e,机器学习,梯度下降,reading,P3,1789.0,710.0,32.0,55.90625,0.0,0.0,0.0,0.0,0.0,0.0,0.0,5.0,7.0,0.0
E1-T-aa2c2f1b3bb9,机器学习,梯度下降,doc,P3,2329.0,1248.0,72.0,32.34722222222222,10.0,13.0,29.0,1.0,0.0,0.0,0.0,0.0,4.0,6.0
E1-T-aa2c2f1b3bb9,机器学习,梯度下降,doc,P2,1412.0,793.0,42.0,33.61904761904762,8.0,10.0,10.0,1.0,0.0,0.0,0.0,0.0,4.0,6.0
E1-T-aa2c2f1b3bb9,机器学习,梯度下降,doc,P1,2247.0,1296.0,76.0,29.56578947368421,9.0,11.0,27.0,1.0,0.0,0.0,0.0,0.0,2.0,6.0
E1-T-13350ced7ba5,计算机网络,拥塞控制,path,P1,929.0,669.0,1.0,929.0,0.0,0.0,1.0,0.0,0.0,7.0,6.0,0.0,0.0,0.0
E1-T-13350ced7ba5,计算机网络,拥塞控制,path,P3,848.0,559.0,2.0,424.0,0.0,0.0,0.0,0.0,0.0,5.0,4.0,0.0,15.0,0.0
E1-T-13350ced7ba5,计算机网络,拥塞控制,path,P2,834.0,582.0,1.0,834.0,0.0,0.0,0.0,0.0,0.0,6.0,5.0,0.0,2.0,0.0
E1-T-9e1efae7c36d,计算机组成原理,虚地址翻译,code,P1,775.0,370.0,8.0,96.875,3.0,0.0,17.0,0.0,35.0,0.0,0.0,0.0,0.0,0.0
E1-T-9e1efae7c36d,计算机组成原理,虚地址翻译,code,P2,1048.0,523.0,7.0,149.71428571428572,3.0,0.0,17.0,0.0,51.0,0.0,0.0,0.0,0.0,0.0
E1-T-9e1efae7c36d,计算机组成原理,虚地址翻译,code,P3,1013.0,547.0,15.0,67.53333333333333,4.0,0.0,9.0,0.0,44.0,0.0,0.0,0.0,0.0,0.0
E1-T-8eda270e01c0,数据结构与算法,Dijkstra 最短路径,reading,P3,1815.0,648.0,33.0,55.0,0.0,0.0,0.0,0.0,0.0,0.0,0.0,5.0,9.0,0.0
E1-T-8eda270e01c0,数据结构与算法,Dijkstra 最短路径,reading,P1,1658.0,714.0,21.0,78.95238095238095,0.0,0.0,0.0,0.0,0.0,0.0,0.0,5.0,8.0,0.0
E1-T-8eda270e01c0,数据结构与算法,Dijkstra 最短路径,reading,P2,1784.0,667.0,27.0,66.07407407407408,0.0,0.0,0.0,0.0,0.0,0.0,0.0,5.0,8.0,0.0
E1-T-90b12187bd11,数据结构与算法,Dijkstra 最短路径,code,P2,1191.0,368.0,23.0,51.78260869565217,0.0,0.0,62.0,0.0,52.0,0.0,0.0,0.0,3.0,0.0
E1-T-90b12187bd11,数据结构与算法,Dijkstra 最短路径,code,P1,986.0,294.0,23.0,42.869565217391305,0.0,0.0,52.0,0.0,40.0,0.0,0.0,0.0,2.0,0.0
E1-T-90b12187bd11,数据结构与算法,Dijkstra 最短路径,code,P3,1094.0,338.0,21.0,52.095238095238095,0.0,0.0,66.0,0.0,45.0,0.0,0.0,0.0,3.0,0.0
E1-T-fb5445ee1144,机器学习,K-Means 聚类,path,P3,763.0,498.0,1.0,763.0,0.0,0.0,0.0,0.0,0.0,5.0,4.0,0.0,8.0,0.0
E1-T-fb5445ee1144,机器学习,K-Means 聚类,path,P1,917.0,619.0,1.0,917.0,0.0,0.0,0.0,0.0,0.0,7.0,6.0,0.0,0.0,0.0
E1-T-fb5445ee1144,机器学习,K-Means 聚类,path,P2,838.0,536.0,1.0,838.0,0.0,0.0,1.0,0.0,0.0,6.0,5.0,0.0,2.0,0.0
E1-T-51b9b2784958,计算机网络,HTTPS 与 TLS,doc,P1,2912.0,1398.0,86.0,33.86046511627907,7.0,13.0,12.0,1.0,0.0,0.0,0.0,0.0,10.0,6.0
E1-T-51b9b2784958,计算机网络,HTTPS 与 TLS,doc,P2,2910.0,1410.0,72.0,40.416666666666664,9.0,14.0,21.0,1.0,0.0,0.0,0.0,0.0,8.0,6.0
E1-T-51b9b2784958,计算机网络,HTTPS 与 TLS,doc,P3,3055.0,1402.0,93.0,32.8494623655914,10.0,13.0,13.0,1.0,0.0,0.0,0.0,0.0,9.0,6.0
E1-T-82a77435370c,计算机网络,DNS 解析过程,reading,P3,1655.0,768.0,29.0,57.06896551724138,0.0,0.0,0.0,0.0,0.0,0.0,0.0,5.0,5.0,0.0
E1-T-82a77435370c,计算机网络,DNS 解析过程,reading,P2,1543.0,754.0,27.0,57.148148148148145,0.0,0.0,0.0,0.0,0.0,0.0,0.0,5.0,5.0,0.0
E1-T-82a77435370c,计算机网络,DNS 解析过程,reading,P1,1492.0,749.0,21.0,71.04761904761905,0.0,0.0,0.0,0.0,0.0,0.0,0.0,5.0,0.0,0.0
E1-T-ef506f71dfd1,数据结构与算法,红黑树,code,P1,2397.0,539.0,19.0,126.15789473684211,0.0,0.0,178.0,0.0,123.0,0.0,0.0,0.0,2.0,0.0
E1-T-ef506f71dfd1,数据结构与算法,红黑树,code,P3,2586.0,594.0,21.0,123.14285714285714,0.0,0.0,209.0,0.0,163.0,0.0,0.0,0.0,4.0,0.0
E1-T-ef506f71dfd1,数据结构与算法,红黑树,code,P2,2377.0,617.0,12.0,198.08333333333334,0.0,0.0,204.0,0.0,127.0,0.0,0.0,0.0,5.0,0.0
E1-T-be24de2328ea,计算机网络,HTTPS 与 TLS,quiz,P1,1158.0,591.0,26.0,44.53846153846154,0.0,0.0,6.0,0.0,0.0,0.0,0.0,3.0,1.0,0.0
E1-T-be24de2328ea,计算机网络,HTTPS 与 TLS,quiz,P2,1636.0,728.0,35.0,46.74285714285714,4.0,0.0,8.0,0.0,0.0,0.0,0.0,3.0,1.0,0.0
E1-T-be24de2328ea,计算机网络,HTTPS 与 TLS,quiz,P3,2051.0,781.0,50.0,41.02,2.0,0.0,22.0,0.0,0.0,0.0,0.0,3.0,0.0,0.0
E1-T-174326d7c399,计算机网络,拥塞控制,reading,P1,1638.0,767.0,32.0,51.1875,0.0,0.0,0.0,0.0,0.0,0.0,0.0,5.0,0.0,0.0
E1-T-174326d7c399,计算机网络,拥塞控制,reading,P2,1652.0,753.0,33.0,50.06060606060606,0.0,0.0,1.0,0.0,0.0,0.0,0.0,5.0,0.0,0.0
E1-T-174326d7c399,计算机网络,拥塞控制,reading,P3,1649.0,774.0,32.0,51.53125,0.0,0.0,0.0,0.0,0.0,0.0,0.0,5.0,2.0,0.0
E1-T-f96d860f276a,数据结构与算法,拓扑排序,reading,P3,1708.0,792.0,25.0,68.32,0.0,0.0,0.0,0.0,0.0,0.0,0.0,5.0,0.0,0.0
E1-T-f96d860f276a,数据结构与算法,拓扑排序,reading,P2,1764.0,707.0,32.0,55.125,0.0,0.0,0.0,0.0,0.0,0.0,0.0,5.0,2.0,0.0
E1-T-f96d860f276a,数据结构与算法,拓扑排序,reading,P1,1594.0,736.0,22.0,72.45454545454545,0.0,0.0,0.0,0.0,0.0,0.0,0.0,5.0,2.0,0.0
E1-T-a44eed0114e9,计算机组成原理,流水线数据冒险,doc,P1,2493.0,1228.0,43.0,57.97674418604651,9.0,2.0,32.0,4.0,0.0,0.0,0.0,0.0,2.0,6.0
E1-T-a44eed0114e9,计算机组成原理,流水线数据冒险,doc,P2,2176.0,1302.0,61.0,35.67213114754098,10.0,8.0,8.0,3.0,0.0,0.0,0.0,0.0,2.0,6.0
E1-T-a44eed0114e9,计算机组成原理,流水线数据冒险,doc,P3,2336.0,1281.0,54.0,43.25925925925926,10.0,6.0,27.0,2.0,0.0,0.0,0.0,0.0,1.0,6.0
E1-T-17dde9e63e68,机器学习,PCA 主成分分析,path,P2,748.0,497.0,1.0,748.0,0.0,0.0,1.0,0.0,0.0,6.0,5.0,0.0,3.0,0.0
E1-T-17dde9e63e68,机器学习,PCA 主成分分析,path,P3,801.0,561.0,1.0,801.0,0.0,0.0,1.0,0.0,0.0,5.0,4.0,0.0,14.0,0.0
E1-T-17dde9e63e68,机器学习,PCA 主成分分析,path,P1,939.0,638.0,1.0,939.0,0.0,0.0,0.0,0.0,0.0,7.0,6.0,0.0,1.0,0.0
E1-T-5b71d5a9bfab,计算机组成原理,虚地址翻译,doc,P3,2458.0,1366.0,53.0,46.37735849056604,9.0,7.0,34.0,2.0,0.0,0.0,0.0,0.0,1.0,6.0
E1-T-5b71d5a9bfab,计算机组成原理,虚地址翻译,doc,P1,1954.0,1118.0,34.0,57.470588235294116,10.0,2.0,19.0,2.0,0.0,0.0,0.0,0.0,2.0,6.0
E1-T-5b71d5a9bfab,计算机组成原理,虚地址翻译,doc,P2,2639.0,1361.0,60.0,43.983333333333334,7.0,4.0,24.0,2.0,0.0,0.0,0.0,0.0,3.0,6.0
E1-T-bb8804a6f203,数据结构与算法,红黑树,quiz,P1,1432.0,823.0,40.0,35.8,0.0,4.0,23.0,1.0,0.0,0.0,0.0,3.0,0.0,0.0
E1-T-bb8804a6f203,数据结构与算法,红黑树,quiz,P3,960.0,573.0,41.0,23.414634146341463,0.0,0.0,18.0,0.0,0.0,0.0,0.0,3.0,0.0,0.0
E1-T-bb8804a6f203,数据结构与算法,红黑树,quiz,P2,907.0,549.0,41.0,22.121951219512194,0.0,0.0,17.0,0.0,0.0,0.0,0.0,3.0,0.0,0.0
E1-T-07cd3cd37283,数据结构与算法,KMP 字符串匹配,doc,P2,1971.0,1035.0,36.0,54.75,7.0,10.0,61.0,1.0,0.0,0.0,0.0,0.0,8.0,6.0
E1-T-07cd3cd37283,数据结构与算法,KMP 字符串匹配,doc,P1,2363.0,1329.0,55.0,42.96363636363636,7.0,13.0,48.0,1.0,0.0,0.0,0.0,0.0,5.0,6.0
E1-T-07cd3cd37283,数据结构与算法,KMP 字符串匹配,doc,P3,2030.0,1144.0,47.0,43.191489361702125,6.0,4.0,46.0,1.0,0.0,0.0,0.0,0.0,7.0,6.0
E1-T-f147bd2f309f,计算机网络,TCP 三次握手,quiz,P3,1425.0,486.0,29.0,49.13793103448276,0.0,4.0,12.0,0.0,0.0,0.0,0.0,3.0,1.0,0.0
E1-T-f147bd2f309f,计算机网络,TCP 三次握手,quiz,P2,1359.0,649.0,36.0,37.75,0.0,0.0,21.0,0.0,0.0,0.0,0.0,3.0,0.0,0.0
E1-T-f147bd2f309f,计算机网络,TCP 三次握手,quiz,P1,836.0,372.0,26.0,32.15384615384615,0.0,0.0,6.0,0.0,0.0,0.0,0.0,3.0,1.0,0.0
E1-T-21b1cc0bf916,机器学习,决策树剪枝,path,P3,738.0,535.0,1.0,738.0,0.0,0.0,0.0,0.0,0.0,5.0,4.0,0.0,16.0,0.0
E1-T-21b1cc0bf916,机器学习,决策树剪枝,path,P2,877.0,601.0,1.0,877.0,0.0,0.0,1.0,0.0,0.0,6.0,5.0,0.0,4.0,0.0
E1-T-21b1cc0bf916,机器学习,决策树剪枝,path,P1,866.0,606.0,1.0,866.0,0.0,0.0,1.0,0.0,0.0,7.0,6.0,0.0,5.0,0.0
E1-T-79839dc3f972,计算机组成原理,IEEE 754 浮点数,reading,P2,1646.0,356.0,16.0,102.875,0.0,0.0,0.0,0.0,0.0,0.0,0.0,5.0,1.0,0.0
E1-T-79839dc3f972,计算机组成原理,IEEE 754 浮点数,reading,P1,1630.0,345.0,13.0,125.38461538461539,0.0,0.0,0.0,0.0,0.0,0.0,0.0,5.0,0.0,0.0
E1-T-79839dc3f972,计算机组成原理,IEEE 754 浮点数,reading,P3,1661.0,357.0,16.0,103.8125,0.0,0.0,0.0,0.0,0.0,0.0,0.0,5.0,1.0,0.0
E1-T-be9318583a83,计算机组成原理,Cache 映射与替换,reading,P1,1811.0,373.0,18.0,100.61111111111111,0.0,0.0,0.0,0.0,0.0,0.0,0.0,5.0,4.0,0.0
E1-T-be9318583a83,计算机组成原理,Cache 映射与替换,reading,P2,1726.0,366.0,16.0,107.875,0.0,0.0,0.0,0.0,0.0,0.0,0.0,5.0,4.0,0.0
E1-T-be9318583a83,计算机组成原理,Cache 映射与替换,reading,P3,1756.0,391.0,28.0,62.714285714285715,0.0,0.0,0.0,0.0,0.0,0.0,0.0,5.0,4.0,0.0
E1-T-3f109c670771,操作系统,进程调度,code,P2,1561.0,489.0,22.0,70.95454545454545,0.0,3.0,36.0,0.0,67.0,0.0,0.0,0.0,2.0,0.0
E1-T-3f109c670771,操作系统,进程调度,code,P1,3537.0,1086.0,68.0,52.01470588235294,0.0,8.0,99.0,0.0,160.0,0.0,0.0,0.0,2.0,0.0
E1-T-3f109c670771,操作系统,进程调度,code,P3,1900.0,621.0,29.0,65.51724137931035,0.0,4.0,38.0,0.0,83.0,0.0,0.0,0.0,2.0,0.0
E1-T-44a653cfae35,数据结构与算法,Dijkstra 最短路径,quiz,P1,1275.0,603.0,16.0,79.6875,0.0,0.0,33.0,0.0,0.0,0.0,0.0,3.0,4.0,0.0
E1-T-44a653cfae35,数据结构与算法,Dijkstra 最短路径,quiz,P2,1424.0,774.0,28.0,50.857142857142854,0.0,0.0,31.0,0.0,0.0,0.0,0.0,3.0,3.0,0.0
E1-T-44a653cfae35,数据结构与算法,Dijkstra 最短路径,quiz,P3,1305.0,608.0,22.0,59.31818181818182,0.0,0.0,24.0,0.0,0.0,0.0,0.0,3.0,7.0,0.0
E1-T-4b4f90580251,计算机网络,TCP 三次握手,reading,P1,1609.0,715.0,22.0,73.13636363636364,0.0,0.0,0.0,0.0,0.0,0.0,0.0,5.0,4.0,0.0
E1-T-4b4f90580251,计算机网络,TCP 三次握手,reading,P3,1690.0,760.0,26.0,65.0,0.0,0.0,0.0,0.0,0.0,0.0,0.0,5.0,10.0,0.0
E1-T-4b4f90580251,计算机网络,TCP 三次握手,reading,P2,1637.0,715.0,26.0,62.96153846153846,0.0,0.0,0.0,0.0,0.0,0.0,0.0,5.0,6.0,0.0
E1-T-d433fd394f46,数据结构与算法,红黑树,reading,P3,1728.0,758.0,35.0,49.371428571428574,0.0,0.0,0.0,0.0,0.0,0.0,0.0,5.0,6.0,0.0
E1-T-d433fd394f46,数据结构与算法,红黑树,reading,P1,1782.0,752.0,27.0,66.0,0.0,0.0,0.0,0.0,0.0,0.0,0.0,5.0,9.0,0.0
E1-T-d433fd394f46,数据结构与算法,红黑树,reading,P2,1776.0,730.0,35.0,50.74285714285714,0.0,0.0,0.0,0.0,0.0,0.0,0.0,5.0,10.0,0.0
E1-T-635d6c33dc76,计算机网络,HTTPS 与 TLS,code,P2,3435.0,837.0,83.0,41.3855421686747,4.0,3.0,32.0,0.0,115.0,0.0,0.0,0.0,1.0,0.0
E1-T-635d6c33dc76,计算机网络,HTTPS 与 TLS,code,P3,2768.0,681.0,54.0,51.25925925925926,3.0,3.0,38.0,0.0,99.0,0.0,0.0,0.0,2.0,0.0
E1-T-635d6c33dc76,计算机网络,HTTPS 与 TLS,code,P1,3359.0,775.0,88.0,38.17045454545455,3.0,3.0,34.0,0.0,101.0,0.0,0.0,0.0,1.0,0.0
E1-T-00ec5a585c84,计算机组成原理,Cache 映射与替换,path,P1,1019.0,698.0,1.0,1019.0,0.0,0.0,0.0,0.0,0.0,7.0,6.0,0.0,1.0,0.0
E1-T-00ec5a585c84,计算机组成原理,Cache 映射与替换,path,P2,897.0,556.0,1.0,897.0,0.0,0.0,1.0,0.0,0.0,6.0,5.0,0.0,2.0,0.0
E1-T-00ec5a585c84,计算机组成原理,Cache 映射与替换,path,P3,677.0,440.0,1.0,677.0,0.0,0.0,1.0,0.0,0.0,5.0,4.0,0.0,6.0,0.0
E1-T-d86f036c5948,计算机组成原理,流水线数据冒险,code,P1,531.0,310.0,9.0,59.0,16.0,0.0,1.0,0.0,24.0,0.0,0.0,0.0,0.0,0.0
E1-T-d86f036c5948,计算机组成原理,流水线数据冒险,code,P3,271.0,149.0,4.0,67.75,2.0,0.0,6.0,0.0,8.0,0.0,0.0,0.0,0.0,0.0
E1-T-d86f036c5948,计算机组成原理,流水线数据冒险,code,P2,596.0,351.0,8.0,74.5,2.0,0.0,7.0,0.0,17.0,0.0,0.0,0.0,0.0,0.0
E1-T-425e7beb2da9,计算机组成原理,流水线数据冒险,reading,P3,1790.0,394.0,21.0,85.23809523809524,0.0,0.0,0.0,0.0,0.0,0.0,0.0,5.0,4.0,0.0
E1-T-425e7beb2da9,计算机组成原理,流水线数据冒险,reading,P1,1692.0,379.0,14.0,120.85714285714286,0.0,0.0,0.0,0.0,0.0,0.0,0.0,5.0,0.0,0.0
E1-T-425e7beb2da9,计算机组成原理,流水线数据冒险,reading,P2,1799.0,394.0,18.0,99.94444444444444,0.0,0.0,0.0,0.0,0.0,0.0,0.0,5.0,4.0,0.0
