scope,profile_id,feature,n,mean,sd,bootstrap_low,bootstrap_high
all,P1,char_count,100,1558.34,749.5094,1417.8247,1707.261
all,P1,token_proxy_count,100,729.71,390.2495,654.8585,807.1027
all,P1,sentence_count,100,28.74,27.1325,23.5,34.08
all,P1,avg_chars_per_sentence,100,207.948,313.2296,149.0453,272.4534
all,P1,heading_count,100,2.42,4.1443,1.65,3.27
all,P1,list_item_count,100,2.89,5.4752,1.88,3.99
all,P1,formula_marker_count,100,16.68,25.9673,11.9598,22.0602
all,P1,code_block_count,100,0.31,0.7205,0.18,0.46
all,P1,code_line_count,100,12.11,29.7871,6.78,18.19
all,P1,node_count,100,1.4,2.8141,0.91,1.96
all,P1,edge_count,100,1.2,2.4121,0.78,1.68
all,P1,resource_item_count,100,1.6,2.0695,1.2,2.02
all,P1,jargon_marker_count,100,1.83,2.5468,1.35,2.35
all,P1,citation_count,100,1.2,2.4121,0.72,1.68
all,P2,char_count,100,1664.53,753.4444,1519.0475,1816.9367
all,P2,token_proxy_count,100,757.07,396.7523,681.1495,838.6403
all,P2,sentence_count,100,32.38,29.8707,26.8197,38.4207
all,P2,avg_chars_per_sentence,100,199.0966,290.6944,144.5771,259.2686
all,P2,heading_count,100,2.41,3.8927,1.7,3.21
all,P2,list_item_count,100,3.0,5.8327,1.95,4.2
all,P2,formula_marker_count,100,20.88,29.7723,15.57,27.0
all,P2,code_block_count,100,0.25,0.5573,0.15,0.36
all,P2,code_line_count,100,13.67,31.1448,8.03,20.1202
all,P2,node_count,100,1.2,2.4121,0.78,1.68
all,P2,edge_count,100,1.0,2.0101,0.65,1.4
all,P2,resource_item_count,100,1.6,2.0695,1.2,2.02
all,P2,jargon_marker_count,100,2.7,2.8338,2.16,3.28
all,P2,citation_count,100,1.2,2.4121,0.72,1.68
all,P3,char_count,100,1652.79,731.7437,1512.1617,1797.9005
all,P3,token_proxy_count,100,740.54,360.6377,671.5577,811.751
all,P3,sentence_count,100,34.08,27.2114,28.78,39.3502
all,P3,avg_chars_per_sentence,100,174.1841,253.0155,127.703,226.1924
all,P3,heading_count,100,2.49,4.2486,1.7098,3.35
all,P3,list_item_count,100,3.12,5.5273,2.09,4.24
all,P3,formula_marker_count,100,19.42,27.4116,14.55,25.2602
all,P3,code_block_count,100,0.24,0.5341,0.14,0.35
all,P3,code_line_count,100,13.86,32.7781,7.9398,20.6207
all,P3,node_count,100,1.0,2.0101,0.65,1.4
all,P3,edge_count,100,0.8,1.6081,0.52,1.12
all,P3,resource_item_count,100,1.6,2.0695,1.2,2.02
all,P3,jargon_marker_count,100,4.78,5.2658,3.8,5.86
all,P3,citation_count,100,1.2,2.4121,0.72,1.68
reading,P1,char_count,20,1751.05,147.1646,1688.3,1815.1012
reading,P1,token_proxy_count,20,584.0,175.4885,508.3975,656.8513
reading,P1,sentence_count,20,23.3,7.4488,20.15,26.4012
reading,P1,avg_chars_per_sentence,20,82.6345,26.9737,71.6925,94.5003
reading,P1,heading_count,20,0.0,0.0,0.0,0.0
reading,P1,list_item_count,20,0.0,0.0,0.0,0.0
reading,P1,formula_marker_count,20,0.0,0.0,0.0,0.0
reading,P1,code_block_count,20,0.0,0.0,0.0,0.0
reading,P1,code_line_count,20,0.0,0.0,0.0,0.0
reading,P1,node_count,20,0.0,0.0,0.0,0.0
reading,P1,edge_count,20,0.0,0.0,0.0,0.0
reading,P1,resource_item_count,20,5.0,0.0,5.0,5.0
reading,P1,jargon_marker_count,20,3.2,3.6792,1.7,4.85
reading,P1,citation_count,20,0.0,0.0,0.0,0.0
reading,P2,char_count,20,1805.45,144.0002,1743.7,1867.1525
reading,P2,token_proxy_count,20,585.35,174.034,510.7987,658.0
reading,P2,sentence_count,20,29.1,8.0779,25.65,32.5
reading,P2,avg_chars_per_sentence,20,66.8272,19.9729,58.9676,75.6833
reading,P2,heading_count,20,0.0,0.0,0.0,0.0
reading,P2,list_item_count,20,0.0,0.0,0.0,0.0
reading,P2,formula_marker_count,20,0.05,0.2236,0.0,0.15
reading,P2,code_block_count,20,0.0,0.0,0.0,0.0
reading,P2,code_line_count,20,0.0,0.0,0.0,0.0
reading,P2,node_count,20,0.0,0.0,0.0,0.0
reading,P2,edge_count,20,0.0,0.0,0.0,0.0
reading,P2,resource_item_count,20,5.0,0.0,5.0,5.0
reading,P2,jargon_marker_count,20,3.9,3.7822,2.35,5.6
reading,P2,citation_count,20,0.0,0.0,0.0,0.0
reading,P3,char_count,20,1813.85,151.0787,1753.695,1884.05
reading,P3,token_proxy_count,20,601.6,181.3703,523.2425,677.5025
reading,P3,sentence_count,20,32.7,8.2723,29.25,36.15
reading,P3,avg_chars_per_sentence,20,58.5638,14.5857,52.9845,65.1617
reading,P3,heading_count,20,0.0,0.0,0.0,0.0
reading,P3,list_item_count,20,0.0,0.0,0.0,0.0
reading,P3,formula_marker_count,20,0.0,0.0,0.0,0.0
reading,P3,code_block_count,20,0.0,0.0,0.0,0.0
reading,P3,code_line_count,20,0.0,0.0,0.0,0.0
reading,P3,node_count,20,0.0,0.0,0.0,0.0
reading,P3,edge_count,20,0.0,0.0,0.0,0.0
reading,P3,resource_item_count,20,5.0,0.0,5.0,5.0
reading,P3,jargon_marker_count,20,3.55,3.7623,2.05,5.2
reading,P3,citation_count,20,0.0,0.0,0.0,0.0
quiz,P1,char_count,20,1088.15,363.1928,938.3463,1246.5087
quiz,P1,token_proxy_count,20,520.1,153.9562,455.85,587.5
quiz,P1,sentence_count,20,19.0,8.3224,15.75,22.9
quiz,P1,avg_chars_per_sentence,20,61.1606,17.1068,53.9927,68.3758
quiz,P1,heading_count,20,0.35,1.1821,0.0,0.95
quiz,P1,list_item_count,20,0.45,1.1459,0.0,1.0
quiz,P1,formula_marker_count,20,15.85,15.4418,10.25,23.25
quiz,P1,code_block_count,20,0.05,0.2236,0.0,0.15
quiz,P1,code_line_count,20,0.0,0.0,0.0,0.0
quiz,P1,node_count,20,0.0,0.0,0.0,0.0
quiz,P1,edge_count,20,0.0,0.0,0.0,0.0
quiz,P1,resource_item_count,20,3.0,0.0,3.0,3.0
quiz,P1,jargon_marker_count,20,0.4,0.9947,0.05,0.9
quiz,P1,citation_count,20,0.0,0.0,0.0,0.0
quiz,P2,char_count,20,1594.65,883.5654,1278.7975,2016.1575
quiz,P2,token_proxy_count,20,797.0,497.6613,634.7987,1036.8562
quiz,P2,sentence_count,20,33.8,36.7059,22.95,51.35
quiz,P2,avg_chars_per_sentence,20,57.7182,18.5301,49.7349,65.4798
quiz,P2,heading_count,20,0.6,1.429,0.05,1.25
quiz,P2,list_item_count,20,0.9,1.9708,0.2,1.85
quiz,P2,formula_marker_count,20,30.65,30.5567,19.4,45.05
quiz,P2,code_block_count,20,0.0,0.0,0.0,0.0
quiz,P2,code_line_count,20,0.0,0.0,0.0,0.0
quiz,P2,node_count,20,0.0,0.0,0.0,0.0
quiz,P2,edge_count,20,0.0,0.0,0.0,0.0
quiz,P2,resource_item_count,20,3.0,0.0,3.0,3.0
quiz,P2,jargon_marker_count,20,0.7,1.3018,0.2,1.3
quiz,P2,citation_count,20,0.0,0.0,0.0,0.0
quiz,P3,char_count,20,1518.25,441.7028,1341.25,1714.3062
quiz,P3,token_proxy_count,20,718.95,151.3572,655.5987,783.5
quiz,P3,sentence_count,20,28.75,12.3112,23.75,34.35
quiz,P3,avg_chars_per_sentence,20,57.3636,16.4365,50.2589,64.3327
quiz,P3,heading_count,20,0.25,0.6387,0.0,0.55
quiz,P3,list_item_count,20,1.15,2.1343,0.35,2.15
quiz,P3,formula_marker_count,20,22.8,16.0512,16.8,30.05
quiz,P3,code_block_count,20,0.0,0.0,0.0,0.0
quiz,P3,code_line_count,20,0.0,0.0,0.0,0.0
quiz,P3,node_count,20,0.0,0.0,0.0,0.0
quiz,P3,edge_count,20,0.0,0.0,0.0,0.0
quiz,P3,resource_item_count,20,3.0,0.0,3.0,3.0
quiz,P3,jargon_marker_count,20,1.45,2.2118,0.6,2.45
quiz,P3,citation_count,20,0.0,0.0,0.0,0.0
doc,P1,char_count,20,2539.15,493.7588,2333.1488,2755.3525
doc,P1,token_proxy_count,20,1413.5,224.5734,1322.5975,1512.0512
doc,P1,sentence_count,20,73.2,17.2797,65.65,80.35
doc,P1,avg_chars_per_sentence,20,36.0979,8.9822,32.5672,40.2997
doc,P1,heading_count,20,9.25,2.4468,8.25,10.35
doc,P1,list_item_count,20,12.1,5.7574,9.7,14.65
doc,P1,formula_marker_count,20,25.45,12.0938,20.45,30.85
doc,P1,code_block_count,20,1.5,0.8885,1.15,1.9
doc,P1,code_line_count,20,0.0,0.0,0.0,0.0
doc,P1,node_count,20,0.0,0.0,0.0,0.0
doc,P1,edge_count,20,0.0,0.0,0.0,0.0
doc,P1,resource_item_count,20,0.0,0.0,0.0,0.0
doc,P1,jargon_marker_count,20,3.35,2.6611,2.3,4.55
doc,P1,citation_count,20,6.0,0.0,6.0,6.0
doc,P2,char_count,20,2449.7,453.1089,2255.5988,2639.8525
doc,P2,token_proxy_count,20,1322.3,206.3926,1229.3975,1407.55
doc,P2,sentence_count,20,68.75,14.2418,62.65,74.7
doc,P2,avg_chars_per_sentence,20,36.4854,7.1105,33.4828,39.6653
doc,P2,heading_count,20,9.05,2.0384,8.25,9.95
doc,P2,list_item_count,20,12.5,6.6925,9.95,15.6
doc,P2,formula_marker_count,20,26.75,14.9416,20.8488,33.5
doc,P2,code_block_count,20,1.25,0.5501,1.05,1.5
doc,P2,code_line_count,20,0.0,0.0,0.0,0.0
doc,P2,node_count,20,0.0,0.0,0.0,0.0
doc,P2,edge_count,20,0.0,0.0,0.0,0.0
doc,P2,resource_item_count,20,0.0,0.0,0.0,0.0
doc,P2,jargon_marker_count,20,4.4,3.1855,3.1,5.85
doc,P2,citation_count,20,6.0,0.0,6.0,6.0
doc,P3,char_count,20,2516.35,399.1349,2357.9963,2698.755
doc,P3,token_proxy_count,20,1367.55,181.6745,1289.45,1444.2513
doc,P3,sentence_count,20,73.9,16.0621,67.35,80.8
doc,P3,avg_chars_per_sentence,20,34.9901,6.2873,32.3768,37.7792
doc,P3,heading_count,20,9.25,2.6132,8.25,10.45
doc,P3,list_item_count,20,12.65,5.1122,10.55,14.9
doc,P3,formula_marker_count,20,27.1,11.4657,22.1,31.9
doc,P3,code_block_count,20,1.2,0.5231,1.0,1.45
doc,P3,code_line_count,20,0.0,0.0,0.0,0.0
doc,P3,node_count,20,0.0,0.0,0.0,0.0
doc,P3,edge_count,20,0.0,0.0,0.0,0.0
doc,P3,resource_item_count,20,0.0,0.0,0.0,0.0
doc,P3,jargon_marker_count,20,4.25,3.3853,2.9,5.75
doc,P3,citation_count,20,6.0,0.0,6.0,6.0
code,P1,char_count,20,1476.8,904.3617,1118.05,1884.0037
code,P1,token_proxy_count,20,486.8,227.6458,394.845,587.15
code,P1,sentence_count,20,25.9,20.8476,17.85,35.45
code,P1,avg_chars_per_sentence,20,79.05,63.7838,55.1944,108.3869
code,P1,heading_count,20,2.5,4.0197,1.0,4.35
code,P1,list_item_count,20,1.9,2.7511,0.8,3.1
code,P1,formula_marker_count,20,41.85,42.4615,26.0988,61.0
code,P1,code_block_count,20,0.0,0.0,0.0,0.0
code,P1,code_line_count,20,60.55,39.1884,44.6487,78.15
code,P1,node_count,20,0.0,0.0,0.0,0.0
code,P1,edge_count,20,0.0,0.0,0.0,0.0
code,P1,resource_item_count,20,0.0,0.0,0.0,0.0
code,P1,jargon_marker_count,20,1.35,1.2258,0.85,1.9
code,P1,citation_count,20,0.0,0.0,0.0,0.0
code,P2,char_count,20,1638.75,739.5117,1338.3475,1961.6187
code,P2,token_proxy_count,20,519.8,172.7437,444.5975,591.9025
code,P2,sentence_count,20,28.8,24.6055,19.0,39.6012
code,P2,avg_chars_per_sentence,20,90.2045,67.1838,63.9512,121.6695
code,P2,heading_count,20,2.4,3.2671,1.1,3.85
code,P2,list_item_count,20,1.6,2.8172,0.6,2.9
code,P2,formula_marker_count,20,45.75,42.5291,30.55,66.2012
code,P2,code_block_count,20,0.0,0.0,0.0,0.0
code,P2,code_line_count,20,68.35,33.4684,54.65,83.2
code,P2,node_count,20,0.0,0.0,0.0,0.0
code,P2,edge_count,20,0.0,0.0,0.0,0.0
code,P2,resource_item_count,20,0.0,0.0,0.0,0.0
code,P2,jargon_marker_count,20,1.7,1.4546,1.1,2.35
code,P2,citation_count,20,0.0,0.0,0.0,0.0
code,P3,char_count,20,1693.0,816.3747,1352.8925,2034.7513
code,P3,token_proxy_count,20,524.1,193.6788,439.5913,606.9525
code,P3,sentence_count,20,32.8,24.3042,22.8987,43.55
code,P3,avg_chars_per_sentence,20,79.7161,69.9885,53.9905,113.6479
code,P3,heading_count,20,2.95,4.4895,1.15,4.95
code,P3,list_item_count,20,1.8,2.5464,0.8,3.0
code,P3,formula_marker_count,20,46.8,43.4131,31.15,67.6
code,P3,code_block_count,20,0.0,0.0,0.0,0.0
code,P3,code_line_count,20,69.3,39.4209,53.55,87.1
code,P3,node_count,20,0.0,0.0,0.0,0.0
code,P3,edge_count,20,0.0,0.0,0.0,0.0
code,P3,resource_item_count,20,0.0,0.0,0.0,0.0
code,P3,jargon_marker_count,20,1.8,1.5761,1.15,2.5
code,P3,citation_count,20,0.0,0.0,0.0,0.0
path,P1,char_count,20,936.55,116.0102,887.4488,988.05
path,P1,token_proxy_count,20,644.15,78.67,611.2,677.9013
path,P1,sentence_count,20,2.3,4.669,1.1,4.5
path,P1,avg_chars_per_sentence,20,780.797,269.8819,657.6815,887.2513
path,P1,heading_count,20,0.0,0.0,0.0,0.0
path,P1,list_item_count,20,0.0,0.0,0.0,0.0
path,P1,formula_marker_count,20,0.25,0.4443,0.1,0.45
path,P1,code_block_count,20,0.0,0.0,0.0,0.0
path,P1,code_line_count,20,0.0,0.0,0.0,0.0
path,P1,node_count,20,7.0,0.0,7.0,7.0
path,P1,edge_count,20,6.0,0.0,6.0,6.0
path,P1,resource_item_count,20,0.0,0.0,0.0,0.0
path,P1,jargon_marker_count,20,0.85,1.6944,0.25,1.65
path,P1,citation_count,20,0.0,0.0,0.0,0.0
path,P2,char_count,20,834.1,51.9847,812.5487,857.2013
path,P2,token_proxy_count,20,560.9,31.9719,547.35,574.45
path,P2,sentence_count,20,1.45,1.3945,1.0,2.1
path,P2,avg_chars_per_sentence,20,744.2476,205.9054,644.2129,821.65
path,P2,heading_count,20,0.0,0.0,0.0,0.0
path,P2,list_item_count,20,0.0,0.0,0.0,0.0
path,P2,formula_marker_count,20,1.2,0.7678,0.9,1.55
path,P2,code_block_count,20,0.0,0.0,0.0,0.0
path,P2,code_line_count,20,0.0,0.0,0.0,0.0
path,P2,node_count,20,6.0,0.0,6.0,6.0
path,P2,edge_count,20,5.0,0.0,5.0,5.0
path,P2,resource_item_count,20,0.0,0.0,0.0,0.0
path,P2,jargon_marker_count,20,2.8,1.9358,2.0,3.7
path,P2,citation_count,20,0.0,0.0,0.0,0.0
path,P3,char_count,20,722.5,47.2524,703.6988,743.75
path,P3,token_proxy_count,20,490.5,39.886,473.8,507.65
path,P3,sentence_count,20,2.25,4.5058,1.0,4.4
path,P3,avg_chars_per_sentence,20,640.2867,203.0499,543.0844,715.9513
path,P3,heading_count,20,0.0,0.0,0.0,0.0
path,P3,list_item_count,20,0.0,0.0,0.0,0.0
path,P3,formula_marker_count,20,0.4,0.5982,0.15,0.65
path,P3,code_block_count,20,0.0,0.0,0.0,0.0
path,P3,code_line_count,20,0.0,0.0,0.0,0.0
path,P3,node_count,20,5.0,0.0,5.0,5.0
path,P3,edge_count,20,4.0,0.0,4.0,4.0
path,P3,resource_item_count,20,0.0,0.0,0.0,0.0
path,P3,jargon_marker_count,20,12.85,4.4754,10.95,14.8
path,P3,citation_count,20,0.0,0.0,0.0,0.0
